Workbook

Sheet Resumen Ejecutivo
A1: PLAN DE TRABAJO — AUTOMATIZACIÓN SARA3
A2: Screenplay · Serenity BDD/REST · Cucumber · Selenium | Responsable: Sergio Anaya | Solicitado por: Angela Maria Perez Zapata | Equipo actual: 4 analista(s) · escalable de 1 a 4
A4: RESUMEN POR FRENTE
A5: Frente | B5: Módulos | C5: Horas est. | D5: Horas reales | E5: % Avance | F5: Fecha inicio | G5: Fecha fin
A6: Front (UI) | B6: =COUNTA('Plan de Trabajo - Front'!A5:A26) -> 22 | C6: =SUM('Plan de Trabajo - Front'!J5:J26) -> 296 | D6: =SUM('Plan de Trabajo - Front'!K5:K26) -> 0 | E6: =IFERROR(SUMPRODUCT('Plan de Trabajo - Front'!J5:J26,'Plan de Trabajo - Front'!L5:L26)/SUM('Plan de Trabajo - Front'!J5:J26),0) -> 0.20337838 | F6: =MIN('Plan de Trabajo - Front'!H5:H26) -> 46237.208 | G6: =MAX('Plan de Trabajo - Front'!I5:I26) -> 46296.208
A7: APIs (Serenity REST) | B7: =COUNTA('Plan de Trabajo - APIs'!A5:A35) -> 31 | C7: =SUM('Plan de Trabajo - APIs'!J5:J35) -> 415 | D7: =SUM('Plan de Trabajo - APIs'!K5:K35) -> 0 | E7: =IFERROR(SUMPRODUCT('Plan de Trabajo - APIs'!J5:J35,'Plan de Trabajo - APIs'!L5:L35)/SUM('Plan de Trabajo - APIs'!J5:J35),0) -> 0 | F7: =MIN('Plan de Trabajo - APIs'!H5:H35) -> 46237.208 | G7: =MAX('Plan de Trabajo - APIs'!I5:I35) -> 46302.208
A8: TOTAL | B8: =B6+B7 -> 53 | C8: =C6+C7 -> 711 | D8: =D6+D7 -> 0 | E8: =IFERROR((C6*E6+C7*E7)/(C6+C7),0) -> 0.08466948 | F8: =MIN(F6:F7) -> 46237.208 | G8: =MAX(G6:G7) -> 46302.208
A10: Contingencia (15%) | C10: =ROUND(C8*0.15,0) -> 107
A11: Total con contingencia (h) | C11: =C8+C10 -> 818
A12: Duración del proyecto (equipo en paralelo) | C12: 46237.208 | D12: → | E12: 46302.208
A14: CARGA POR ANALISTA (equipo actual: 4) · ESCENARIOS DE DURACIÓN
A15: Analista | B15: Módulos | C15: Horas est. | D15: Inicio | E15: Fin estimado | G15: Escenario | H15: Fin del proyecto
A16: Sergio Anaya | B16: =COUNTIF('Plan de Trabajo - Front'!G5:G26,"Sergio Anaya")+COUNTIF('Plan de Trabajo - APIs'!G5:G35,"Sergio Anaya") -> 21 | C16: =SUMIF('Plan de Trabajo - Front'!G5:G26,"Sergio Anaya",'Plan de Trabajo - Front'!J5:J26)+SUMIF('Plan de Trabajo - APIs'!G5:G35,"Sergio Anaya",'Plan de Trabajo - APIs'!J5:J35) -> 234 | D16: 46237.208 | E16: 46302.208 | G16: 1 analista | H16: 46482.208
A17: Yoarlys Carrillo | B17: =COUNTIF('Plan de Trabajo - Front'!G5:G26,"Yoarlys Carrillo")+COUNTIF('Plan de Trabajo - APIs'!G5:G35,"Yoarlys Carrillo") -> 11 | C17: =SUMIF('Plan de Trabajo - Front'!G5:G26,"Yoarlys Carrillo",'Plan de Trabajo - Front'!J5:J26)+SUMIF('Plan de Trabajo - APIs'!G5:G35,"Yoarlys Carrillo",'Plan de Trabajo - APIs'!J5:J35) -> 141 | D17: 46241.208 | E17: 46297.208 | G17: 2 analistas | H17: 46360.208
A18: Leidy Iral | B18: =COUNTIF('Plan de Trabajo - Front'!G5:G26,"Leidy Iral")+COUNTIF('Plan de Trabajo - APIs'!G5:G35,"Leidy Iral") -> 10 | C18: =SUMIF('Plan de Trabajo - Front'!G5:G26,"Leidy Iral",'Plan de Trabajo - Front'!J5:J26)+SUMIF('Plan de Trabajo - APIs'!G5:G35,"Leidy Iral",'Plan de Trabajo - APIs'!J5:J35) -> 159 | D18: 46241.208 | E18: 46297.208 | G18: 3 analistas | H18: 46323.208
A19: Yulieth Guarin | B19: =COUNTIF('Plan de Trabajo - Front'!G5:G26,"Yulieth Guarin")+COUNTIF('Plan de Trabajo - APIs'!G5:G35,"Yulieth Guarin") -> 11 | C19: =SUMIF('Plan de Trabajo - Front'!G5:G26,"Yulieth Guarin",'Plan de Trabajo - Front'!J5:J26)+SUMIF('Plan de Trabajo - APIs'!G5:G35,"Yulieth Guarin",'Plan de Trabajo - APIs'!J5:J35) -> 177 | D19: 46239.208 | E19: 46302.208 | G19: 4 analistas ◄ actual | H19: 46302.208
A21: DISTRIBUCIÓN DE MÓDULOS
A22: Por Estado | B22: Cant. | D22: Por Prioridad | E22: Cant. | G22: Por Tipo | H22: Cant.
A23: Completado | B23: =COUNTIF('Plan de Trabajo - Front'!C5:C26,"Completado")+COUNTIF('Plan de Trabajo - APIs'!C5:C35,"Completado") -> 10 | D23: Alta | E23: =COUNTIF('Plan de Trabajo - Front'!E5:E26,"Alta")+COUNTIF('Plan de Trabajo - APIs'!E5:E35,"Alta") -> 21 | G23: Existente | H23: =COUNTIF('Plan de Trabajo - Front'!B5:B26,"Existente")+COUNTIF('Plan de Trabajo - APIs'!B5:B35,"Existente") -> 10
A24: En progreso | B24: =COUNTIF('Plan de Trabajo - Front'!C5:C26,"En progreso")+COUNTIF('Plan de Trabajo - APIs'!C5:C35,"En progreso") -> 1 | D24: Media | E24: =COUNTIF('Plan de Trabajo - Front'!E5:E26,"Media")+COUNTIF('Plan de Trabajo - APIs'!E5:E35,"Media") -> 28 | G24: Nuevo | H24: =COUNTIF('Plan de Trabajo - Front'!B5:B26,"Nuevo")+COUNTIF('Plan de Trabajo - APIs'!B5:B35,"Nuevo") -> 41
A25: No iniciado | B25: =COUNTIF('Plan de Trabajo - Front'!C5:C26,"No iniciado")+COUNTIF('Plan de Trabajo - APIs'!C5:C35,"No iniciado") -> 41 | D25: Baja | E25: =COUNTIF('Plan de Trabajo - Front'!E5:E26,"Baja")+COUNTIF('Plan de Trabajo - APIs'!E5:E35,"Baja") -> 4 | G25: Optimización | H25: =COUNTIF('Plan de Trabajo - Front'!B5:B26,"Optimización")+COUNTIF('Plan de Trabajo - APIs'!B5:B35,"Optimización") -> 2
A26: Pendiente | B26: =COUNTIF('Plan de Trabajo - Front'!C5:C26,"Pendiente")+COUNTIF('Plan de Trabajo - APIs'!C5:C35,"Pendiente") -> 1
A27: Bloqueado | B27: =COUNTIF('Plan de Trabajo - Front'!C5:C26,"Bloqueado")+COUNTIF('Plan de Trabajo - APIs'!C5:C35,"Bloqueado") -> 0
A29: HITOS PRINCIPALES
A30: Hito
A31: Arranque del proyecto | E31: 46237.208
A32: Framework Serenity REST operativo (Setup Base) | E32: 46239.208
A33: Fin de cobertura Front (UI) | E33: 46296.208
A34: Fin de cobertura APIs | E34: 46302.208
A35: Fin del proyecto | E35: 46302.208
A37: METODOLOGÍA, HABILITADORES Y SUPUESTOS
A38: • Arquitectura Screenplay (Tasks/Interactions/Questions): Serenity BDD + Selenium para UI, Serenity REST + RestAssured para servicios; BDD con Cucumber (Gherkin).
A39: • Cada módulo entrega .feature + step definitions + Tasks/Interactions reutilizables + reporte Serenity, cubriendo camino feliz y casos negativos clave (ver DoD en Leyenda).
A40: • El plan es escalable de 1 a 4 analistas Semi Senior (6h/día). Escenario actual del cronograma: 4 analista(s). La tabla de escenarios muestra la fecha fin con 1, 2, 3 y 4 personas; con 1 persona el trabajo es secuencial.
A41: • Fechas calculadas por un planificador que respeta las dependencias reales y la disponibilidad de cada analista; la asignación sugerida se puede editar en la columna "Analista".
A42: • Habilitadores transversales incluidos como trabajo real: datos de prueba (UI y seed vía API), estabilización/regresión e integración CI/CD con reportes Serenity.
A43: • La automatización de APIs parte de cero. "Setup Base" y "Login (Auth)" son la fundación (Sergio) y bloquean al resto; los bots dependen de Casos + Estados + conexión Genixxys.
A44: • El seed de datos vía API acelera y estabiliza también las pruebas de Front (crea el caso y mueve estados sin depender de la UI).
A45: • Las horas ya incluyen +25% de holgura y hay 1 día hábil de colchón entre módulos. La contingencia del 15% es una reserva adicional a nivel de proyecto.
A46: • Fechas en días hábiles (excluye fines de semana). No contempla festivos ni vacaciones — ajustar al calendario laboral real.

Sheet Cronograma (Gantt)
A1: CRONOGRAMA — AUTOMATIZACIÓN SARA3 (vista semanal · equipo en paralelo)
A2: Barras: ■ Completado (verde) ■ En progreso (azul) ■ Front pendiente (azul claro) ■ APIs pendiente (turquesa) · Cada columna = 1 semana (lunes)
A4: Módulo / Submódulo | B4: Analista | C4: ago 26 | H4: sep 26 | L4: oct 26
C5: 03 | D5: 10 | E5: 17 | F5: 24 | G5: 31 | H5: 07 | I5: 14 | J5: 21 | K5: 28 | L5: 05
A6: FRONT (UI) — Screenplay · Serenity BDD · Selenium
A7: Login / Logout | B7: Sergio Anaya
A8: Gestión de Casos | B8: Sergio Anaya
A9: Gestión de Reclamaciones | B9: Sergio Anaya
A10: Transición y Validación de Estados de Caso | B10: Sergio Anaya
A11: Proveedor — Novedad | B11: Sergio Anaya
A12: Proveedor — Diligenciamiento | B12: Sergio Anaya
A13: Proveedor — Gestión de Conceptos | B13: Sergio Anaya
A14: Novedad CNM | B14: Sergio Anaya
A15: Finalización CNM | B15: Sergio Anaya
A16: Documentación CNM | B16: Sergio Anaya
A17: Escalamiento Sura | B17: Leidy Iral
A18: Reprogramación de citas | B18: Yoarlys Carrillo
... A28: Habilitador — Estabilización y regresión (Front) | B28: Yulieth Guarin
A29: APIs — Screenplay · Serenity REST
A30: Setup Base — Serenity REST | B30: Sergio Anaya
A31: Login / Logout (Auth) | B31: Yoarlys Carrillo
A32: Habilitador — Integración CI/CD + reportes Serenity | B32: Leidy Iral
A33: Gestión de Casos | B33: Yulieth Guarin
A34: Gestión de Reclamaciones | B34: Leidy Iral
A35: Transición y Validación de Estados de Caso | B35: Yoarlys Carrillo
A36: Proveedor — Novedad | B36: Sergio Anaya
A37: Proveedor — Diligenciamiento | B37: Leidy Iral
A38: Proveedor — Gestión de Conceptos | B38: Sergio Anaya
A39: Novedad CNM | B39: Yulieth Guarin
A40: Finalización CNM | B40: Yulieth Guarin
A41: Documentación CNM | B41: Yoarlys Carrillo
... A60: Optimización — Pruebas de Carga vía API | B60: Yulieth Guarin

Sheet Plan de Trabajo - Front
A1: PLAN DE TRABAJO — AUTOMATIZACIÓN SARA3 · FRONT (Screenplay · Serenity BDD · Cucumber · Selenium)
A2: Responsable: Sergio Anaya | Solicitado por: Angela Maria Perez Zapata | Estimación Semi Senior · 6h/día · +25% holgura · equipo en paralelo
A4: Módulo / Submódulo | B4: Tipo | C4: Estado actual | D4: Tarea pendiente / Alcance a validar | E4: Prioridad | F4: Dependencias | G4: Analista | H4: Fecha inicio | I4: Fecha fin | J4: Horas est. | K4: Horas reales | L4: % Avance | M4: Observaciones
A5: Login / Logout | B5: Existente | C5: Completado | D5: Mantenimiento y monitoreo | E5: Baja | F5: — | G5: Sergio Anaya | H5: 46237.208 | I5: 46237.208 | J5: 5 | L5: 1 | M5: Cognito + credenciales, sin pendientes
A6: Gestión de Casos | B6: Existente | C6: Completado | D6: Mantenimiento y monitoreo | E6: Baja | F6: Login / Logout | G6: Sergio Anaya | H6: 46237.208 | I6: 46237.208 | J6: 5 | L6: 1 | M6: OpenCasesPage, BuscarExpediente, ClickCasoExpress
A7: Gestión de Reclamaciones | B7: Existente | C7: Completado | D7: Mantenimiento y monitoreo | E7: Baja | F7: Gestión de Casos | G7: Sergio Anaya | H7: 46237.208 | I7: 46238.208 | J7: 8 | L7: 1 | M7: CrearCasoReclamaciones, GestionarReclamacion
A8: Transición y Validación de Estados de Caso | B8: Existente | C8: Completado | D8: Mantenimiento y monitoreo | E8: Baja | F8: Gestión de Casos | G8: Sergio Anaya | H8: 46237.208 | I8: 46237.208 | J8: 5 | L8: 1 | M8: TransicionarEstadosCaso, ValidarEstadoCaso
A9: Proveedor — Novedad | B9: Existente | C9: Completado | D9: Mantenimiento y monitoreo | E9: Media | F9: Gestión de Casos | G9: Sergio Anaya | H9: 46237.208 | I9: 46237.208 | J9: 5 | L9: 1 | M9: CrearNovedadProveedor
A10: Proveedor — Diligenciamiento | B10: Existente | C10: Completado | D10: Mantenimiento y monitoreo | E10: Media | F10: Proveedor — Novedad | G10: Sergio Anaya | H10: 46237.208 | I10: 46237.208 | J10: 5 | L10: 1 | M10: DiligenciarProveedorGestion
A11: Proveedor — Gestión de Conceptos | B11: Existente | C11: Completado | D11: Ejecutar prueba de carga pendiente | E11: Alta | F11: Proveedor — Diligenciamiento | G11: Sergio Anaya | H11: 46237.208 | I11: 46238.208 | J11: 10 | L11: 1 | M11: GestionConceptosProveedor — único submódulo sin cobertura en pruebas de carga
A12: Novedad CNM | B12: Existente | C12: Completado | D12: Mantenimiento y monitoreo | E12: Media | F12: Gestión de Casos | G12: Sergio Anaya | H12: 46237.208 | I12: 46237.208 | J12: 4 | L12: 1 | M12: CrearRegistroEnTab genérico
A13: Finalización CNM | B13: Existente | C13: Completado | D13: Mantenimiento y monitoreo | E13: Media | F13: Novedad CNM | G13: Sergio Anaya | H13: 46237.208 | I13: 46237.208 | J13: 4 | L13: 1 | M13: CrearRegistroEnTab genérico
A14: Documentación CNM | B14: Existente | C14: Completado | D14: Mantenimiento y monitoreo | E14: Media | F14: Gestión de Casos | G14: Sergio Anaya | H14: 46237.208 | I14: 46237.208 | J14: 4 | L14: 1 | M14: CrearRegistroEnTab genérico
A15: Escalamiento Sura | B15: Nuevo | C15: No iniciado | D15: Análisis + diseño Screenplay (Tasks/Interactions) + steps Cucumber | E15: Media | F15: Gestión de Casos | G15: Leidy Iral | H15: 46248.208 | I15: 46253.208 | J15: 20 | L15: 0 | M15: CrearRegistroEnTab genérico
A16: Reprogramación de citas | B16: Nuevo | C16: No iniciado | D16: Análisis + diseño Screenplay (Tasks/Interactions) + steps Cucumber | E16: Media | F16: Gestión de Casos | G16: Yulieth Guarin | H16: 46251.208 | I16: 46254.208 | J16: 20 | L16: 0 | M16: CrearRegistroEnTab genérico
... A26: Habilitador — Estabilización y regresión (Front) | B26: Nuevo | C26: No iniciado | D26: Estabilizar la suite UI (flakiness, esperas), consolidar la regresión y dejar el conjunto ejecutable de forma recurrente. | E26: Media | F26: Módulos Front nuevos | G26: Yulieth Guarin | H26: 46280.208 | I26: 46283.208 | J26: 20 | L26: 0 | M26: Transversal: mantenimiento de regresión a medida que Sara3 cambia
A28: TOTAL HORAS | J28: =SUM(J5:J26) -> 296 | K28: =SUM(K5:K26) -> 0 | L28: =IFERROR(SUMPRODUCT(J5:J26,L5:L26)/SUM(J5:J26),0) -> 0.20337838

Sheet Plan de Trabajo - APIs
A1: PLAN DE TRABAJO — AUTOMATIZACIÓN SARA3 · APIs (Screenplay · Serenity REST · Cucumber)
A2: Responsable: Sergio Anaya | Solicitado por: Angela Maria Perez Zapata | Todo desde cero · foundation bloquea al resto
A4: Módulo / Submódulo | B4: Tipo | C4: Estado actual | D4: Tarea pendiente / Alcance a validar | E4: Prioridad | F4: Dependencias | G4: Analista | H4: Fecha inicio | I4: Fecha fin | J4: Horas est. | K4: Horas reales | L4: % Avance | M4: Observaciones
A5: Setup Base — Serenity REST | B5: Nuevo | C5: No iniciado | D5: Configurar RestAssured + Serenity REST (Calls, Questions REST), gestión de ambientes/URLs, manejo de esquemas JSON (JSON Schema validation) y utilitario de autenticación reutilizable | E5: Alta | F5: — | G5: Sergio Anaya | H5: 46237.208 | I5: 46239.208 | J5: 15 | L5: 0 | M5: Prerrequisito técnico: bloquea a todos los demás módulos
A6: Login / Logout (Auth) | B6: Nuevo | C6: No iniciado | D6: Validar: login exitoso devuelve token válido (200 + estructura del token); credenciales inválidas (401/403); expiración/renovación de token; logout invalida la sesión/token | E6: Alta | F6: Setup Base — Serenity REST | G6: Yoarlys Carrillo | H6: 46241.208 | I6: 46244.208 | J6: 8 | L6: 0 | M6: Base para autenticar todos los demás endpoints
A7: Habilitador — Integración CI/CD + reportes Serenity | B7: Nuevo | C7: No iniciado | D7: Configurar ejecución automática de la suite (Jenkins/GitHub Actions), agendamiento, publicación de reportes Serenity y notificación de resultados. Aplica a Front y APIs. | E7: Alta | F7: Setup Base — Serenity REST | G7: Leidy Iral | H7: 46241.208 | I7: 46246.208 | J7: 20 | L7: 0 | M7: Transversal: sin CI/CD la automatización no rinde en el día a día
A8: Gestión de Casos | B8: Nuevo | C8: No iniciado | D8: Validar: consulta de caso por ID (200/404), búsqueda de expediente, listado/filtrado de casos, expediente inexistente o mal formado (400/404) | E8: Alta | F8: Setup Base + Login (Auth) | G8: Yulieth Guarin | H8: 46246.208 | I8: 46247.208 | J8: 10 | L8: 0 | M8: Endpoint(s) de consulta/búsqueda de casos y expedientes
A9: Gestión de Reclamaciones | B9: Nuevo | C9: No iniciado | D9: Validar: creación de reclamación (201 + payload), gestión/actualización (200), campos obligatorios faltantes (400), duplicidad, reglas de negocio propias del tipo de reclamación | E9: Alta | F9: Setup Base + Login (Auth) + Gestión de Casos | G9: Leidy Iral | H9: 46268.208 | I9: 46273.208 | J9: 20 | L9: 0 | M9: Módulo más amplio que Gestión de Casos: creación, actualización y reglas de negocio propias
A10: Transición y Validación de Estados de Caso | B10: Nuevo | C10: No iniciado | D10: Validar: transición válida (200 + nuevo estado), transición no permitida (400/409), consulta de estado actual, historial de transiciones | E10: Alta | F10: Setup Base + Login (Auth) + Gestión de Casos | G10: Yoarlys Carrillo | H10: 46274.208 | I10: 46275.208 | J10: 10 | L10: 0 | M10: Cubre reglas de negocio que hoy solo se validan por UI
A11: Proveedor — Novedad | B11: Nuevo | C11: No iniciado | D11: Validar: creación de novedad (201), consulta de novedad creada, campos obligatorios (400), asociación correcta al caso/expediente | E11: Media | F11: Setup Base + Login (Auth) | G11: Sergio Anaya | H11: 46252.208 | I11: 46253.208 | J11: 10 | L11: 0
A12: Proveedor — Diligenciamiento | B12: Nuevo | C12: No iniciado | D12: Validar: diligenciamiento (200/201), reglas de negocio (estado previo requerido), datos incompletos o inconsistentes (400) | E12: Media | F12: Setup Base + Login (Auth) + Proveedor — Novedad | G12: Leidy Iral | H12: 46275.208 | I12: 46276.208 | J12: 10 | L12: 0
A13: Proveedor — Gestión de Conceptos | B13: Nuevo | C13: No iniciado | D13: Validar: creación/gestión de conceptos (201), listado por proveedor, montos y cálculos del payload, casos negativos (duplicado, valores fuera de rango) | E13: Alta | F13: Setup Base + Login (Auth) + Proveedor — Diligenciamiento | G13: Sergio Anaya | H13: 46283.208 | I13: 46287.208 | J13: 13 | L13: 0 | M13: Priorizar: además cubrirá pruebas de carga
A14: Novedad CNM | B14: Nuevo | C14: No iniciado | D14: Validar: creación de registro de novedad CNM (201), campos obligatorios, asociación al expediente, datos inválidos (400) | E14: Media | F14: Setup Base + Login (Auth) | G14: Yulieth Guarin | H14: 46258.208 | I14: 46259.208 | J14: 8 | L14: 0 | M14: Endpoint genérico equivalente a CrearRegistroEnTab
A15: Finalización CNM | B15: Nuevo | C15: No iniciado | D15: Validar: creación de registro de finalización (201), reglas de cierre (estado previo), intento de finalizar un caso ya finalizado (409/400) | E15: Media | F15: Setup Base + Login (Auth) + Novedad CNM | G15: Yulieth Guarin | H15: 46275.208 | I15: 46276.208 | J15: 8 | L15: 0
A16: Documentación CNM | B16: Nuevo | C16: No iniciado | D16: Validar: carga/registro de documentación (201), formatos y tamaños de adjunto soportados, documento obligatorio no enviado (400) | E16: Media | F16: Setup Base + Login (Auth) | G16: Yoarlys Carrillo | H16: 46259.208 | I16: 46260.208 | J16: 8 | L16: 0
A17: Escalamiento Sura | B17: Nuevo | C17: No iniciado | D17: Validar: creación de escalamiento (201), reglas (motivo obligatorio, caso válido), consulta de escalamientos por caso, datos inválidos (400) | E17: Media | F17: Setup Base + Login (Auth) | G17: Sergio Anaya | H17: 46261.208 | I17: 46265.208 | J17: 13 | L17: 0 | M17: Requiere confirmar endpoint(s) y contrato con backend
A18: Reprogramación de citas | B18: Nuevo | C18: No iniciado | D18: Validar: reprogramación exitosa (200/201 + nueva fecha), cita inexistente (404), fecha inválida o en el pasado (400), conflicto de horario | E18: Media | F18: Setup Base + Login (Auth) | G18: Yulieth Guarin | H18: 46261.208 | I18: 46265.208 | J18: 13 | L18: 0 | M18: Requiere confirmar endpoint(s) y contrato con backend
A19: Tareas de monitoreo | B19: Nuevo | C19: No iniciado | D19: Validar: consulta/listado de tareas, cierre (200), cancelación (200), cerrar/cancelar una tarea ya cerrada (409/400) | E19: Media | F19: Setup Base + Login (Auth) | G19: Yoarlys Carrillo | H19: 46262.208 | I19: 46266.208 | J19: 13 | L19: 0 | M19: Incluye cierre y cancelación de tareas vía API
A20: Cierre de expediente | B20: Nuevo | C20: No iniciado | D20: Validar: cierre de expediente (200/201), documentación de conceptos asociada, requisitos previos al cierre, expediente incompleto (400/409) | E20: Media | F20: Setup Base + Login (Auth) + Transición de Estados | G20: Yoarlys Carrillo | H20: 46283.208 | I20: 46287.208 | J20: 13 | L20: 0 | M20: Incluye documentación de conceptos vía API
A21: Flujo de Reasignación de Casos | B21: Nuevo | C21: No iniciado | D21: Validar: búsqueda de caso existente, reasignación a grupo (200), reasignación a usuario (200), caso inexistente (404), grupo/usuario inválido (400) | E21: Alta | F21: Setup Base + Login (Auth) + Gestión de Casos | G21: Sergio Anaya | H21: 46279.208 | I21: 46281.208 | J21: 15 | L21: 0 | M21: Buscar caso existente y reasignarlo a un grupo o usuario
A22: Flujo Normal — Revisión de Haber | B22: Nuevo | C22: No iniciado | D22: Validar: consulta de haber/saldo (200 + estructura), expediente sin haber registrado, consistencia de valores vs. reglas de negocio | E22: Media | F22: Setup Base + Login (Auth) + Gestión de Casos | G22: Yoarlys Carrillo | H22: 46279.208 | I22: 46281.208 | J22: 13 | L22: 0 | M22: Confirmar alcance exacto del flujo con negocio
A23: Gestión de Reportes — Crear/Descargar Reporte | B23: Nuevo | C23: No iniciado | D23: Validar: listado de reportes disponibles (200), generación según selección (200/201), filtro por campo, rango dentro del límite (200) y fuera del límite de 32 días (400), con/sin condiciones adicionales, descarga (200 + content-type correcto) | E23: Media | F23: Setup Base + Login (Auth) | G23: Leidy Iral | H23: 46262.208 | I23: 46266.208 | J23: 18 | L23: 0 | M23: Endpoint(s) genérico(s) parametrizables por el reporte elegido (Alertas Uck es solo una opción)
A24: Habilitador — Estabilización y regresión (APIs) | B24: Nuevo | C24: No iniciado | D24: Estabilizar la suite de APIs, consolidar la regresión de servicios y dejarla ejecutable de forma recurrente. | E24: Media | F24: Módulos API de negocio | G24: Leidy Iral | H24: 46280.208 | I24: 46282.208 | J24: 15 | L24: 0 | M24: Transversal: mantenimiento de regresión de servicios
A25: Habilitador — Datos de prueba vía API (seed reutilizable) | B25: Nuevo | C25: No iniciado | D25: Construir utilitarios de seed de datos vía API (crear caso, mover estados) reutilizables por las pruebas de Front y de APIs. Acelera y estabiliza ambos frentes. | E25: Alta | F25: Setup Base + Login (Auth) | G25: Sergio Anaya | H25: 46246.208 | I25: 46248.208 | J25: 15 | L25: 0 | M25: Transversal: reduce dependencia de la UI para preparar datos
A26: Verificar conexión usuario Genixxys Cloud 4 (RESTflow) | B26: Nuevo | C26: No iniciado | D26: Validar: verificación de conexión/sesión en Genixxys Cloud 4 vía RESTflow (200 + estado de conexión), usuario no conectado o token inválido (401/403), timeout de conexión | E26: Alta | F26: Setup Base + Login (Auth) + Gestión de Casos + Transición de Estados | G26: Leidy Iral | H26: 46286.208 | I26: 46287.208 | J26: 10 | L26: 0 | M26: Prerrequisito de integración para los bots — confirmar contrato RESTflow con backend
A27: Bot de monitoreo | B27: Nuevo | C27: No iniciado | D27: Validar: disparo/ejecución del bot (200), lectura del estado del caso monitoreado, reglas del monitoreo, caso inexistente o sin estado válido (400/404) | E27: Alta | F27: Gestión de Casos + Transición de Estados + Verificar conexión Genixxys | G27: Sergio Anaya | H27: 46289.208 | I27: 46293.208 | J27: 15 | L27: 0 | M27: Depende de creación de caso y cambios de estado
A28: Bot de ofertamiento | B28: Nuevo | C28: No iniciado | D28: Validar: generación de oferta por el bot (200/201), reglas de ofertamiento según estado del caso, oferta duplicada o caso en estado no elegible (409/400) | E28: Alta | F28: Gestión de Casos + Transición de Estados + Verificar conexión Genixxys | G28: Yoarlys Carrillo | H28: 46289.208 | I28: 46293.208 | J28: 15 | L28: 0 | M28: Depende de creación de caso y cambios de estado
... A35: Optimización — Pruebas de Carga vía API | B35: Optimización | C35: No iniciado | D35: Diseñar y ejecutar pruebas de carga a nivel de API (más livianas y estables que por UI) priorizando Gestión de Conceptos de Proveedor y Reclamaciones | E35: Alta | F35: Setup Base + Login (Auth) + módulos de mayor volumen | G35: Yulieth Guarin | H35: 46300.208 | I35: 46302.208 | J35: 13 | L35: 0 | M35: Complementa/reemplaza la carga por UI para los módulos de mayor volumen
A37: TOTAL HORAS | J37: =SUM(J5:J35) -> 415 | K37: =SUM(K5:K35) -> 0 | L37: =IFERROR(SUMPRODUCT(J5:J35,L5:L35)/SUM(J5:J35),0) -> 0

Sheet Riesgos y Supuestos
A1: RIESGOS Y SUPUESTOS
A3: ID | B3: Riesgo / Supuesto | C3: Impacto | D3: Probabilidad | E3: Mitigación / Acción | F3: Responsable
A4: R1 | B4: Contratos de API de módulos nuevos aún no confirmados con backend (Escalamiento, Reprogramación, Triaje, Reasignación, Reportes). | C4: Alto | D4: Alta | E4: Solicitar Swagger/documentación al backend antes de iniciar cada módulo. Bloquear estimación fina hasta tener el contrato. | F4: Sergio / Backend
A5: R2 | B5: Contrato RESTflow de Genixxys Cloud 4 y de los bots (monitoreo, ofertamiento, finalización, integración) sin definir. | C5: Alto | D5: Alta | E5: Confirmar endpoints, autenticación y payloads de la integración antes de automatizar los bots. Es prerrequisito duro. | F5: Sergio / Backend
A6: R3 | B6: Triaje (Front y API) es un módulo grande con múltiples reglas de clasificación no del todo definidas. | C6: Alto | D6: Media | E6: Refinamiento con negocio para mapear todas las variantes antes de automatizar. Buffer de horas ya reservado. | F6: Sergio / Negocio
A7: R4 | B7: Ausencias del equipo (vacaciones/incapacidad) desplazan la ruta crítica, especialmente la fundación de APIs (Sergio). | C7: Alto | D7: Media | E7: Redundancia de conocimiento: pair en Setup Base; documentar estándares para que cualquiera continúe. | F7: Angela
A8: R5 | B8: Ambiente de pruebas y datos de prueba no estables/disponibles. | C8: Alto | D8: Media | E8: Ambiente dedicado + habilitador de datos de prueba (UI y seed vía API) incluido en el plan. | F8: Sergio / Infra
A9: R6 | B9: Fechas no contemplan festivos ni vacaciones del calendario colombiano. | C9: Medio | D9: Alta | E9: Ajustar el cronograma al calendario laboral real y a los descansos de cada analista. | F9: Sergio
A10: R7 | B10: Inestabilidad (flakiness) en pruebas de UI por tiempos de carga/ambientes. | C10: Medio | D10: Media | E10: Esperas explícitas + Screenplay; priorizar cobertura por API donde aplique; habilitador de estabilización reservado. | F10: Sergio
A11: R8 | B11: Curva de aprendizaje de los 3 analistas nuevos en la arquitectura Screenplay. | C11: Medio | D11: Media | E11: Estándares de código, revisión de PR y pairing inicial con Sergio; los primeros módulos sirven de onboarding. | F11: Sergio
A12: S1 | B12: SUPUESTO: el equipo puede ser de 1 a 4 analistas Semi Senior (6h/día). El cronograma mostrado usa el escenario actual; ver tabla de escenarios en el Resumen. | C12: — | D12: — | E12: Definir con Angela cuántas personas se asignan; el planificador recalcula fin del proyecto según ese número. | F12: Angela
A13: S2 | B13: SUPUESTO: la fundación de APIs (Setup + Login) la ejecuta Sergio y habilita al resto del equipo. | C13: — | D13: — | E13: Priorizar esa entrega para no bloquear a Leidy y Yulieth. | F13: Sergio

Sheet Leyenda
A1: GUÍA DE USO Y DEFINICIÓN DE TERMINADO (DoD)
A3: Campo / Concepto | B3: Descripción
A4: Módulo / Submódulo | B4: Unidad de trabajo independiente. Cada fila se desarrolla y entrega por separado.
A5: Tipo | B5: Existente = ya automatizado · Nuevo = desde cero · Optimización = mejora sobre lo existente.
A6: Estado actual | B6: Lista desplegable: No iniciado / En progreso / Completado / Pendiente / Bloqueado.
A7: Tarea pendiente / Alcance | B7: Qué se construye o valida; en APIs incluye códigos de respuesta y casos negativos.
A8: Prioridad | B8: Lista desplegable: Alta / Media / Baja.
A9: Dependencias | B9: Módulos que deben estar listos antes; guían el orden y el cálculo de fechas en paralelo.
A10: Analista | B10: Responsable del módulo (lista desplegable con los 4 analistas). Alimenta la carga por analista.
A11: Fecha inicio / Fecha fin | B11: Calculadas por el planificador respetando dependencias y disponibilidad de cada analista.
A12: Horas estimadas | B12: Analista Semi Senior a 6h/día. Ya incluye +25% de holgura; además 1 día hábil de colchón entre módulos.
A13: Horas reales / % Avance | B13: Registrar al ejecutar; alimentan el avance ponderado del Resumen Ejecutivo.
A14: Habilitadores transversales | B14: Datos de prueba, estabilización/regresión y CI/CD: trabajo real que sostiene toda la automatización.
... A17: — DEFINICIÓN DE TERMINADO (DoD) — | B17: Un módulo está Completado cuando: (1) tiene .feature en Gherkin, (2) steps + Tasks/Interactions reutilizables, (3) ejecuta verde de forma estable, (4) genera reporte Serenity, (5) cubre camino feliz + casos negativos clave, (6) revisado (PR) y mergeado, (7) integrado a la ejecución CI/CD.
